<?xml version="1.0" encoding="UTF-8"?>
<project-private xmlns="http://www.netbeans.org/ns/project-private/1">
    <editor-bookmarks xmlns="http://www.netbeans.org/ns/editor-bookmarks/2" lastBookmarkId="0"/>
    <open-files xmlns="http://www.netbeans.org/ns/projectui-open-files/2">
        <group>
            <file>file:/D:/USD_JAVA_OOP/Kelompok_PBOL_baru/Kelompok_PBOL/src/kelompok_PBOL/FormBayar.java</file>
            <file>file:/D:/USD_JAVA_OOP/Kelompok_PBOL_baru/Kelompok_PBOL/src/kelompok_PBOL/MainApp.java</file>
            <file>file:/D:/USD_JAVA_OOP/Kelompok_PBOL_baru/Kelompok_PBOL/src/kelompok_PBOL/DataTanaman.java</file>
        </group>
    </open-files>
</project-private>
